char	feature1	feature2	feature3	feature4	feature5	feature6	feature7	feature8	feature9	feature10	feature11	feature12	feature13	feature14	A	R	N	D	C	Q	E	G	H	I	L	K	M	F	P	S	T	W	Y	V	B	J	Z	X	-
A	0.48663211	0.561603853	1	0.513769054	0.625218185	0.544230306	0.143146189	0.35188847	0.548957116	0.381377096	0.28138788	0.432371672	0.549086286	0.328960293	1	0	0	0	0	0	0	0	0	0	0	0	0	0	0	0	0	0	0	0	0	0	0	0	0
R	0.227405859	0	0.42163938	0.412654515	0	0.065640784	0.293872262	0.159042079	0.118728153	0	0.265601593	1	0.147074675	0.575506929	0	1	0	0	0	0	0	0	0	0	0	0	0	0	0	0	0	0	0	0	0	0	0	0	0
N	0.078841125	0.428000962	0.273698572	0.603117262	0.314248134	0.725002275	0.443738698	0.680854297	0.155504437	0.924038259	0.403466332	0.619137781	0.017855791	0.927268022	0	0	1	0	0	0	0	0	0	0	0	0	0	0	0	0	0	0	0	0	0	0	0	0	0
D	0	0.353555012	0.435847657	0.555314972	0.688295298	0.813547205	1	0.412001358	0.174347261	0.408093675	0.419185436	0.675743171	0.047271398	0	0	0	0	1	0	0	0	0	0	0	0	0	0	0	0	0	0	0	0	0	0	0	0	0	0
C	0.693671946	0.594916166	0.161068479	1	0.680973622	0	0.441422898	0.034098978	0.008735155	0.684989737	0.276804134	0.544417064	0.471405959	0.507596229	0	0	0	0	1	0	0	0	0	0	0	0	0	0	0	0	0	0	0	0	0	0	0	0	0
Q	0.241105301	0.161727962	0.501956439	0.503669394	0.469126482	0.303100025	0.320707612	0.438905163	0.505728147	0.586431676	0.994628735	0.458587302	0.589562258	1	0	0	0	0	0	1	0	0	0	0	0	0	0	0	0	0	0	0	0	0	0	0	0	0	0
E	0.136399486	0.106715432	0.854570119	0.465368721	0.827201493	0.628987155	0.775572841	0.285430752	0.093055365	0.331891015	0.405155907	0.332062897	0.670262996	0.769049775	0	0	0	0	0	0	1	0	0	0	0	0	0	0	0	0	0	0	0	0	0	0	0	0	0
G	0.117963736	1	0.441265754	0.555170096	0.141366959	1	0.010461712	0.171413693	0.012014911	0.175606896	0.629128396	0.404152974	0.401533268	0.564389619	0	0	0	0	0	0	0	1	0	0	0	0	0	0	0	0	0	0	0	0	0	0	0	0	0
H	0.437715533	0.154758677	0.276591446	0.642414199	0.451115561	0.469010729	0.076777333	1	0.001473742	0.236290654	0.023082687	0	0.477664289	0.423326209	0	0	0	0	0	0	0	0	1	0	0	0	0	0	0	0	0	0	0	0	0	0	0	0	0
I	1	0.534310843	0.562916929	0.342036907	0.305982205	0.397263057	0.657581206	0.453998784	0	0.525015065	0.673039744	0.159666203	0	0.577133056	0	0	0	0	0	0	0	0	0	1	0	0	0	0	0	0	0	0	0	0	0	0	0	0	0
L	0.923551416	0.482169394	0.84806367	0.297478477	0.46323184	0.600047014	0.280041904	0.379686462	0.204005427	0.792563736	0	0.955960041	0.41447347	0.597804224	0	0	0	0	0	0	0	0	0	0	1	0	0	0	0	0	0	0	0	0	0	0	0	0	0
K	0.134099559	0.057200102	0.630962783	0.364192695	0.183963116	0.381912658	0.042989147	0.156983317	0.165211859	1	0.453937381	0.0814289	0.239848795	0.077622113	0	0	0	0	0	0	0	0	0	0	0	1	0	0	0	0	0	0	0	0	0	0	0	0	0
M	0.860471651	0.233095508	0.545639415	0.649909558	0.753274731	0.484102702	0	0.59149079	0.358073977	0.385860034	1	0.812653284	0.161980988	0.120555593	0	0	0	0	0	0	0	0	0	0	0	0	1	0	0	0	0	0	0	0	0	0	0	0	0
F	0.963783129	0.361303859	0.321532674	0.397430521	0.449745379	0.700515984	0.373076445	0.609097824	0.198515017	0.444620275	0.380121563	0.844417669	0.35304625	0.641252309	0	0	0	0	0	0	0	0	0	0	0	0	0	1	0	0	0	0	0	0	0	0	0	0	0
P	0.122119837	0.721952496	0.035335598	0	1	0.08072261	0.192513171	0.422710161	0.157192274	0.468299649	0.419134237	0.487040068	0.327266207	0.468330503	0	0	0	0	0	0	0	0	0	0	0	0	0	0	1	0	0	0	0	0	0	0	0	0	0
S	0.161944081	0.651361945	0.471393638	0.559240491	0.269093529	0.371418861	0.414573101	0.562666223	0.795360291	0.653148925	0.276331885	0.681186768	0.449453286	0.367133712	0	0	0	0	0	0	0	0	0	0	0	0	0	0	0	1	0	0	0	0	0	0	0	0	0
T	0.349855286	0.584004532	0.461494349	0.506933952	0.24978147	0.16456855	0.623359972	0.581971818	1	0.352974517	0.403860347	0.39024599	0.270452829	0.4559344	0	0	0	0	0	0	0	0	0	0	0	0	0	0	0	0	1	0	0	0	0	0	0	0	0
W	0.883998484	0.142547399	0.008917698	0.440131374	0.589589391	0.916542528	0.318445341	0	0.857498479	0.38756064	0.234518434	0.133818755	0.165573132	0.629180056	0	0	0	0	0	0	0	0	0	0	0	0	0	0	0	0	0	1	0	0	0	0	0	0	0
Y	0.671329333	0.310522819	0	0.343382705	0.095030198	0.647443134	0.668251887	0.430537403	0.189777336	0.599286577	0.613936365	0.630323242	1	0.149788293	0	0	0	0	0	0	0	0	0	0	0	0	0	0	0	0	0	0	1	0	0	0	0	0	0
V	0.885579778	0.624915996	0.677781923	0.428788999	0.221189397	0.171343074	0.723722768	0.422544144	0.136301638	0.361095268	0.49066923	0.093147371	0.306201725	0.469878081	0	0	0	0	0	0	0	0	0	0	0	0	0	0	0	0	0	0	0	1	0	0	0	0	0
B	1.1	1.1	1.1	1.1	1.1	1.1	1.1	1.1	1.1	1.1	1.1	1.1	1.1	1.1	0	0	0	0	0	0	0	0	0	0	0	0	0	0	0	0	0	0	0	0	1	0	0	0	0
J	1.2	1.2	1.2	1.2	1.2	1.2	1.2	1.2	1.2	1.2	1.2	1.2	1.2	1.2	0	0	0	0	0	0	0	0	0	0	0	0	0	0	0	0	0	0	0	0	0	1	0	0	0
Z	1.3	1.3	1.3	1.3	1.3	1.3	1.3	1.3	1.3	1.3	1.3	1.3	1.3	1.3	0	0	0	0	0	0	0	0	0	0	0	0	0	0	0	0	0	0	0	0	0	0	1	0	0
X	1.4	1.4	1.4	1.4	1.4	1.4	1.4	1.4	1.4	1.4	1.4	1.4	1.4	1.4	0	0	0	0	0	0	0	0	0	0	0	0	0	0	0	0	0	0	0	0	0	0	0	1	0
-	1.5	1.5	1.5	1.5	1.5	1.5	1.5	1.5	1.5	1.5	1.5	1.5	1.5	1.5	0	0	0	0	0	0	0	0	0	0	0	0	0	0	0	0	0	0	0	0	0	0	0	0	1
